name,email,password,img
Dwight,dlindgren0@npr.org,1cvDTDoe)z,https://robohash.org/repellatomnisitaque.png?size=50x50&set=set1
Kattie,kroscrigg1@apache.org,'cDCUY$la>J9&V|,https://robohash.org/nequevoluptatesvoluptatem.png?size=50x50&set=set1
Brandice,bgamage2@omniture.com,"1~BRow\Xxsb""",https://robohash.org/etperspiciatisaccusantium.png?size=50x50&set=set1
Vikky,vlerer3@uiuc.edu,%pyf6n%y}m,https://robohash.org/aperiametvoluptas.png?size=50x50&set=set1
Hallsy,hquinnell4@soup.io,D5?Gy~90%en,https://robohash.org/laboreveroarchitecto.png?size=50x50&set=set1
Kleon,kfranschini5@opensource.org,QdW3Qt?{wH)c(Z,https://robohash.org/temporavoluptatesreiciendis.png?size=50x50&set=set1
Monro,mdepke6@europa.eu,qVLW~.\0H6,https://robohash.org/veleiusrerum.png?size=50x50&set=set1
Annie,aleedal7@mashable.com,!=+L$MusR}KHo,https://robohash.org/doloressevitae.png?size=50x50&set=set1
Onfre,obeeken8@google.nl,5>=g@2a*mv,https://robohash.org/perferendislaudantiumitaque.png?size=50x50&set=set1
Remington,rkybird9@disqus.com,0REHPsSP1!i,https://robohash.org/atqueutet.png?size=50x50&set=set1
Kennett,kmcglynna@yahoo.co.jp,Oqropa)\#,https://robohash.org/architectoipsumcum.png?size=50x50&set=set1
Bronnie,bdarnbrookb@icio.us,K9{FcUGHl'm(<|5,https://robohash.org/autemutet.png?size=50x50&set=set1
Malachi,mstanettc@tuttocitta.it,x3uTC/V@s*+a?,https://robohash.org/modilaudantiumvoluptatem.png?size=50x50&set=set1
Marshall,mmessomd@bandcamp.com,<}Cak6OE6R,https://robohash.org/quiaetautem.png?size=50x50&set=set1
Dawn,dbaszniake@google.es,N9>n<@?t,https://robohash.org/utdoloresest.png?size=50x50&set=set1
Frederich,ffrenzlf@squidoo.com,zN#1QwhSq`nMJ#kY,https://robohash.org/sedrepudiandaeaut.png?size=50x50&set=set1
Mannie,mlattag@pen.io,"ln%VYV!""i}Ype!B!",https://robohash.org/repellatexplicaboqui.png?size=50x50&set=set1
Tabbi,tormistonh@abc.net.au,L2{Vczx3,https://robohash.org/sintsuntnobis.png?size=50x50&set=set1
Ernie,edampneyi@1und1.de,7.a<XphD=Zf(,https://robohash.org/veritatisrepellendusvel.png?size=50x50&set=set1
Imogene,icompfortj@soundcloud.com,vD{ktI3'(?a,https://robohash.org/consequaturnequecum.png?size=50x50&set=set1
Dael,dharrillk@patch.com,&SQ4*\h<,https://robohash.org/minimavoluptasperferendis.png?size=50x50&set=set1
Dave,delvyl@yandex.ru,"De4j@7Z&z>!*7,E",https://robohash.org/aspernaturistein.png?size=50x50&set=set1
Patty,padranm@elegantthemes.com,jC?+?NQ=`R?U|h,https://robohash.org/expeditadignissimosullam.png?size=50x50&set=set1
Paolo,pchrystaln@columbia.edu,Y1}\%dFAvS,https://robohash.org/recusandaevoluptatesquo.png?size=50x50&set=set1
Gaylor,ghigbino@craigslist.org,_1@r%AX1XiTO\Em3,https://robohash.org/abdoloresest.png?size=50x50&set=set1
Hyacinthe,hvanettip@scientificamerican.com,*hRohCO!pbSOu,https://robohash.org/estuttemporibus.png?size=50x50&set=set1
Flor,fantoniazziq@yahoo.com,)F48f1KF'q4Lzcl,https://robohash.org/sedquaeratnisi.png?size=50x50&set=set1
Jania,jstannettr@army.mil,C6Qn8GI%,https://robohash.org/blanditiisquibusdampossimus.png?size=50x50&set=set1
Delmor,dstoods@opensource.org,=\JneC8t,https://robohash.org/perspiciatisautemsed.png?size=50x50&set=set1
Lizabeth,lbrodleyt@gizmodo.com,A95Rr\mWb,https://robohash.org/magnienimpossimus.png?size=50x50&set=set1
Martguerita,mphoenixu@pcworld.com,WV\4%04ma,https://robohash.org/dignissimosesterror.png?size=50x50&set=set1
Tomaso,thaddowv@fda.gov,"z(\qu5_,z?",https://robohash.org/errorutet.png?size=50x50&set=set1
Edgard,edallicottw@mapy.cz,TTTHZ=JNT,https://robohash.org/aliasquisprovident.png?size=50x50&set=set1
Katharyn,kdanevx@theguardian.com,\dKGCtsT$,https://robohash.org/eumsintreiciendis.png?size=50x50&set=set1
Zedekiah,zmclaffertyy@nature.com,S'yoTGbrGRXz,https://robohash.org/fugiatnonatque.png?size=50x50&set=set1
Emelina,efortyz@biglobe.ne.jp,w(mm.u}=.I,https://robohash.org/aliasconsecteturperspiciatis.png?size=50x50&set=set1
Eulalie,ehansel10@lulu.com,WM.D.E#yx(s,https://robohash.org/rerumenimsed.png?size=50x50&set=set1
Mace,mwinfred11@live.com,leMTqO(Q3,https://robohash.org/providentdebitisid.png?size=50x50&set=set1
Perl,pbrudenell12@sakura.ne.jp,{CZd7/wuSf,https://robohash.org/praesentiumautsunt.png?size=50x50&set=set1
Anson,astute13@myspace.com,>@>~LqjETi/NEL2,https://robohash.org/minimacupiditatein.png?size=50x50&set=set1
Marlena,mphipp14@4shared.com,n<Gp<d1Zf>Z,https://robohash.org/ipsamadcupiditate.png?size=50x50&set=set1
Davey,ddogerty15@comcast.net,SuZ7MkH.G,https://robohash.org/dolornecessitatibusamet.png?size=50x50&set=set1
Isabeau,icolling16@princeton.edu,4wBrbNz=yhPL,https://robohash.org/exercitationemquivoluptatem.png?size=50x50&set=set1
Marquita,mcortnay17@sogou.com,p+=~~HDjb4,https://robohash.org/illumautet.png?size=50x50&set=set1
Clemente,cgillingham18@live.com,lQ{ZGoP5IP&Jf,https://robohash.org/nobisdoloremenim.png?size=50x50&set=set1
Conn,coverill19@wordpress.org,<cn5>+b?t>SrwRr,https://robohash.org/laborequidemtenetur.png?size=50x50&set=set1
Andriette,adezamudio1a@blogs.com,*EJ%J2?#Z|&QN!XC,https://robohash.org/utremmaiores.png?size=50x50&set=set1
Rikki,rkitchenside1b@tinyurl.com,FEe2@2yXIH,https://robohash.org/dolorumminusesse.png?size=50x50&set=set1
Kai,kmcilraith1c@so-net.ne.jp,"mZOJx""/5UAflp7b",https://robohash.org/quiaquiafugit.png?size=50x50&set=set1
Abe,abloxham1d@biglobe.ne.jp,gFaA39f#3$!W,https://robohash.org/teneturevenietipsam.png?size=50x50&set=set1
Garek,gmicklewicz1e@de.vu,1z?MgdP$d,https://robohash.org/quisistequisquam.png?size=50x50&set=set1
Willa,wvallery1f@epa.gov,ds}ZzCQWJ@h>Ft,https://robohash.org/numquamrepellatlaboriosam.png?size=50x50&set=set1
Nikolos,nsackett1g@sitemeter.com,@qUz\rX`n$tZ4%,https://robohash.org/quasquasicorporis.png?size=50x50&set=set1
Ham,hharroway1h@example.com,eL\i~lJemxpkZA',https://robohash.org/rationebeataeautem.png?size=50x50&set=set1
Ruthi,rfoister1i@forbes.com,"V@\m`ZN,",https://robohash.org/sapientequiaquas.png?size=50x50&set=set1
Carin,cturney1j@google.es,d=8%3tY{ktdw+,https://robohash.org/dolormodieos.png?size=50x50&set=set1
Nickolai,npenreth1k@gmpg.org,<>wWT@hP,https://robohash.org/consequaturexplicaborerum.png?size=50x50&set=set1
Domini,dtregien1l@smugmug.com,dWJmXuASYWL3,https://robohash.org/nequeeosaperiam.png?size=50x50&set=set1
Mary,mgierke1m@ucsd.edu,h0ivGrz~|,https://robohash.org/explicabovoluptatibusminima.png?size=50x50&set=set1
Eleanore,eescalera1n@blinklist.com,g_%jiSearHyJO(,https://robohash.org/distinctiosimiliqueveritatis.png?size=50x50&set=set1
Zach,zhallan1o@istockphoto.com,@z$LQ57b3omUUH,https://robohash.org/doloribusmagnammolestias.png?size=50x50&set=set1
Bondy,bkondratenya1p@google.nl,"4+O)aptuZR5,",https://robohash.org/iureodiodolorem.png?size=50x50&set=set1
Ives,iarnoldi1q@163.com,KSr!4mmk2YuouP,https://robohash.org/quisquamquasest.png?size=50x50&set=set1
Tessi,tcaudelier1r@hud.gov,_#<q5N~rWg,https://robohash.org/quasiquiducimus.png?size=50x50&set=set1
Lonna,lbilofsky1s@java.com,"9mW_ApDNoz,2&C0S",https://robohash.org/aliquidvoluptasinventore.png?size=50x50&set=set1
Beitris,btreece1t@huffingtonpost.com,5Obp2uX|2K,https://robohash.org/quisatquein.png?size=50x50&set=set1
Roda,rjorio1u@pinterest.com,3kQs0SiKwOa=|7,https://robohash.org/nequeadipisciblanditiis.png?size=50x50&set=set1
Noella,npettiford1v@stumbleupon.com,"n?p,DLB+",https://robohash.org/porromagnieius.png?size=50x50&set=set1
Vita,vcuthbert1w@sphinn.com,#@PdK|f3mtd&/,https://robohash.org/laboriosamvelqui.png?size=50x50&set=set1
Morty,mshapcote1x@cmu.edu,sT0(&>Cb,https://robohash.org/odiofugaconsectetur.png?size=50x50&set=set1
Neville,nsimeonov1y@reuters.com,4_O~>Gfdx&ltH,https://robohash.org/utnullavoluptates.png?size=50x50&set=set1
Avery,abeaston1z@walmart.com,"zWC@*6m{bQNLR*,!",https://robohash.org/impeditrerumqui.png?size=50x50&set=set1
Dalis,dbrachell20@g.co,!MQ'Xl%d~{,https://robohash.org/reprehenderitsuntvoluptatem.png?size=50x50&set=set1
Lalo,ldolley21@engadget.com,t(_/=U84}SbFuv/,https://robohash.org/eosplaceatdoloremque.png?size=50x50&set=set1
Norbert,nsaunier22@tmall.com,ullbFn\5,https://robohash.org/etearumducimus.png?size=50x50&set=set1
Harmony,hgoodswen23@google.nl,"Gg\,fe'LSD""J""Mc",https://robohash.org/sedsuntenim.png?size=50x50&set=set1
Thomas,tgreve24@engadget.com,"cAmI=81""w!`hjc,",https://robohash.org/eumidsoluta.png?size=50x50&set=set1
Bette,bsimenet25@theguardian.com,6/(XKtQPz3#YI(,https://robohash.org/enimreiciendisconsequatur.png?size=50x50&set=set1
Stanley,shaining26@bloomberg.com,76M606m!?5B,https://robohash.org/eumcorruptiet.png?size=50x50&set=set1
Carmelle,cdavaux27@springer.com,zqw$%2pWivw\)\,https://robohash.org/expeditaiddolores.png?size=50x50&set=set1
Brande,bleeman28@topsy.com,m2b{+JV$lZHQHz),https://robohash.org/quiaautearum.png?size=50x50&set=set1
Gifford,gcressar29@google.es,2rV(O>>n`,https://robohash.org/sunteaqueiure.png?size=50x50&set=set1
Mitchel,mvear2a@tuttocitta.it,z{f@RA7JM8eIwt,https://robohash.org/veroquaeratquos.png?size=50x50&set=set1
Elfie,egidney2b@addtoany.com,"phRP1L},s",https://robohash.org/sedevenietdistinctio.png?size=50x50&set=set1
Halette,harnault2c@blogtalkradio.com,kq*b@Q<vhcwkqL,https://robohash.org/quodmollitiavoluptatum.png?size=50x50&set=set1
Grata,gdring2d@japanpost.jp,6/1>?i\aCV.Y+N5,https://robohash.org/numquamvelcum.png?size=50x50&set=set1
Tristam,tcristobal2e@hexun.com,C*r4}Qy}s,https://robohash.org/corporisnonconsequatur.png?size=50x50&set=set1
Rosy,rgosling2f@bloglines.com,rjL=J=vMMM,https://robohash.org/temporeinventoreconsequatur.png?size=50x50&set=set1
Lurleen,llegrove2g@google.ca,Ms{$%@(`zs,https://robohash.org/illoquidemnihil.png?size=50x50&set=set1
Blair,bcordet2h@blogtalkradio.com,"o_\""h$_7Axo",https://robohash.org/etaliasvoluptatem.png?size=50x50&set=set1
Edie,ebartlet2i@chicagotribune.com,W%EK6q_%,https://robohash.org/exercitationemutexpedita.png?size=50x50&set=set1
Gilberte,gshaughnessy2j@drupal.org,axJaqzM{f71,https://robohash.org/velmagnimodi.png?size=50x50&set=set1
Deb,dboman2k@squidoo.com,"*QrzUak3qv?K,",https://robohash.org/distinctiosedodio.png?size=50x50&set=set1
Broderic,bcavell2l@wikimedia.org,X@C_pJFmeV,https://robohash.org/doloresdolornatus.png?size=50x50&set=set1
Rossie,rleyson2m@biglobe.ne.jp,3Jo.q}xFajgKe,https://robohash.org/utlaudantiumtenetur.png?size=50x50&set=set1
Cedric,cstoppard2n@walmart.com,)|t97l(t~Y@s,https://robohash.org/cumquereprehenderitaut.png?size=50x50&set=set1
Had,hchatel2o@oracle.com,"yJ.)K,LR,C}nlzYg",https://robohash.org/sitautemsoluta.png?size=50x50&set=set1
Godiva,gglaisner2p@toplist.cz,"D%&""|fWF",https://robohash.org/iustoassumendamaxime.png?size=50x50&set=set1
Dalton,dberford2q@jugem.jp,5W<QE(zX(,https://robohash.org/velitnemonostrum.png?size=50x50&set=set1
Junia,jpounds2r@fda.gov,\F'Y)4LD{kae,https://robohash.org/suscipitnonet.png?size=50x50&set=set1
